01/12/09,2331,WallStreetRollingDaily,10472.0,10475.0
01/12/09,2332,WallStreetRollingDaily,10472.0,10475.0
01/12/09,2333,WallStreetRollingDaily,10472.0,10475.0
01/12/09,2334,WallStreetRollingDaily,10471.0,10474.0
01/12/09,2335,WallStreetRollingDaily,10471.0,10474.0
01/12/09,2336,WallStreetRollingDaily,10471.0,10474.0
01/12/09,2337,WallStreetRollingDaily,10471.0,10474.0
01/12/09,2338,WallStreetRollingDaily,10471.0,10474.0
01/12/09,2339,WallStreetRollingDaily,10472.0,10475.0
01/12/09,2340,WallStreetRollingDaily,10472.0,10475.0
01/12/09,2341,WallStreetRollingDaily,10472.0,10475.0
01/12/09,2342,WallStreetRollingDaily,10471.0,10474.0
01/12/09,2343,WallStreetRollingDaily,10471.0,10474.0
01/12/09,2344,WallStreetRollingDaily,10472.0,10475.0
01/12/09,2345,WallStreetRollingDaily,10471.0,10474.0
01/12/09,2346,Wall Street Rolling Daily,10467.0,10470.0
01/12/09,2347,Wall Street Rolling Daily,10466.0,10469.0
01/12/09,2348,Wall Street Rolling Daily,10464.0,10467.0
01/12/09,2349,Wall Street Rolling Daily,10463.0,10466.0
01/12/09,2350,Wall Street Rolling Daily,10463.0,10466.0
01/12/09,2351,Wall Street Rolling Daily,10464.0,10467.0
01/12/09,2352,Wall Street Rolling Daily,10464.0,10467.0
01/12/09,2353,Wall Street Rolling Daily,10465.0,10468.0
01/12/09,2354,Wall Street Rolling Daily,10465.0,10468.0
01/12/09,2355,Wall Street Rolling Daily,10466.0,10469.0
01/12/09,2356,Wall Street Rolling Daily,10466.0,10469.0
01/12/09,2357,Wall Street Rolling Daily,10466.0,10469.0
01/12/09,2358,Wall Street Rolling Daily,10467.0,10470.0
01/12/09,2359,WallStreetRollingDaily,10470.0,10473.0
02/12/09,0000,Wall Street Rolling Daily,10467.0,10470.0
02/12/09,0001,Wall Street Rolling Daily,10465.0,10468.0
02/12/09,0002,Wall Street Rolling Daily,10465.0,10468.0
02/12/09,0003,Wall Street Rolling Daily,10465.0,10468.0
02/12/09,0004,Wall Street Rolling Daily,10465.0,10468.0
02/12/09,0005,Wall Street Rolling Daily,10465.0,10468.0
02/12/09,0006,Wall Street Rolling Daily,10465.0,10468.0
02/12/09,0007,Wall Street Rolling Daily,10465.0,10468.0
02/12/09,0008,Wall Street Rolling Daily,10462.0,10465.0
02/12/09,0009,Wall Street Rolling Daily,10461.0,10464.0
02/12/09,0010,Wall Street Rolling Daily,10462.0,10465.0
02/12/09,0011,Wall Street Rolling Daily,10462.0,10465.0
02/12/09,0012,Wall Street Rolling Daily,10462.0,10465.0
02/12/09,0013,Wall Street Rolling Daily,10461.0,10464.0
02/12/09,0014,Wall Street Rolling Daily,10462.0,10465.0
02/12/09,0015,Wall Street Rolling Daily,10463.0,10466.0
02/12/09,0016,Wall Street Rolling Daily,10463.0,10466.0
02/12/09,0017,Wall Street Rolling Daily,10463.0,10466.0
02/12/09,0018,Wall Street Rolling Daily,10463.0,10466.0
02/12/09,0019,Wall Street Rolling Daily,10463.0,10466.0
02/12/09,0020,Wall Street Rolling Daily,10465.0,10468.0
02/12/09,0021,Wall Street Rolling Daily,10464.0,10467.0
02/12/09,0022,Wall Street Rolling Daily,10464.0,10467.0
02/12/09,0023,Wall Street Rolling Daily,10464.0,10467.0
02/12/09,0024,Wall Street Rolling Daily,10464.0,10467.0
02/12/09,0025,Wall Street Rolling Daily,10464.0,10467.0
02/12/09,0026,Wall Street Rolling Daily,10464.0,10467.0
02/12/09,0027,Wall Street Rolling Daily,10464.0,10467.0
02/12/09,0028,Wall Street Rolling Daily,10464.0,10467.0
02/12/09,0029,Wall Street Rolling Daily,10464.0,10467.0
02/12/09,0030,Wall Street Rolling Daily,10464.0,10467.0
02/12/09,0031,Wall Street Rolling Daily,10462.0,10465.0
02/12/09,0032,Wall Street Rolling Daily,10462.0,10465.0
02/12/09,0033,Wall Street Rolling Daily,10462.0,10465.0
02/12/09,0034,Wall Street Rolling Daily,10463.0,10466.0
02/12/09,0035,Wall Street Rolling Daily,10468.0,10471.0
02/12/09,0036,Wall Street Rolling Daily,10468.0,10471.0
02/12/09,0037,Wall Street Rolling Daily,10469.0,10472.0
02/12/09,0038,Wall Street Rolling Daily,10469.0,10472.0
02/12/09,0039,WallStreetRollingDaily,10470.0,10473.0
02/12/09,0040,WallStreetRollingDaily,10470.0,10473.0
02/12/09,0041,WallStreetRollingDaily,10470.0,10473.0
02/12/09,0042,WallStreetRollingDaily,10471.0,10474.0
02/12/09,0043,WallStreetRollingDaily,10471.0,10474.0
02/12/09,0044,WallStreetRollingDaily,10471.0,10474.0
02/12/09,0045,WallStreetRollingDaily,10470.0,10473.0
02/12/09,0046,WallStreetRollingDaily,10469.0,10472.0
02/12/09,0047,WallStreetRollingDaily,10470.0,10473.0
02/12/09,0048,Wall Street Rolling Daily,10469.0,10472.0
02/12/09,0049,Wall Street Rolling Daily,10469.0,10472.0
02/12/09,0050,Wall Street Rolling Daily,10470.0,10473.0
02/12/09,0051,WallStreetRollingDaily,10472.0,10475.0
02/12/09,0052,WallStreetRollingDaily,10470.0,10473.0
02/12/09,0053,WallStreetRollingDaily,10470.0,10473.0
02/12/09,0054,WallStreetRollingDaily,10470.0,10473.0
02/12/09,0055,WallStreetRollingDaily,10470.0,10473.0
02/12/09,0056,Wall Street Rolling Daily,10468.0,10471.0
02/12/09,0057,Wall Street Rolling Daily,10467.0,10470.0
02/12/09,0058,Wall Street Rolling Daily,10470.0,10473.0
02/12/09,0059,Wall Street Rolling Daily,10468.0,10471.0
02/12/09,0100,Wall Street Rolling Daily,10470.0,10473.0
02/12/09,0101,WallStreetRollingDaily,10472.0,10475.0
02/12/09,0102,WallStreetRollingDaily,10474.0,10477.0
02/12/09,0103,WallStreetRollingDaily,10472.0,10475.0
02/12/09,0104,WallStreetRollingDaily,10470.0,10473.0
02/12/09,0105,WallStreetRollingDaily,10470.0,10473.0
02/12/09,0106,WallStreetRollingDaily,10471.0,10474.0
02/12/09,0107,WallStreetRollingDaily,10469.0,10472.0
02/12/09,0108,WallStreetRollingDaily,10469.0,10472.0
02/12/09,0109,WallStreetRollingDaily,10469.0,10472.0
02/12/09,0110,WallStreetRollingDaily,10469.0,10472.0
02/12/09,0111,WallStreetRollingDaily,10469.0,10472.0
02/12/09,0112,WallStreetRollingDaily,10469.0,10472.0
02/12/09,0113,WallStreetRollingDaily,10469.0,10472.0
02/12/09,0114,WallStreetRollingDaily,10469.0,10472.0
02/12/09,0115,WallStreetRollingDaily,10469.0,10472.0
02/12/09,0116,Wall Street Rolling Daily,10467.0,10470.0
02/12/09,0117,Wall Street Rolling Daily,10467.0,10470.0
02/12/09,0118,Wall Street Rolling Daily,10467.0,10470.0
02/12/09,0119,Wall Street Rolling Daily,10467.0,10470.0
02/12/09,0120,Wall Street Rolling Daily,10468.0,10471.0
02/12/09,0121,Wall Street Rolling Daily,10467.0,10470.0
02/12/09,0122,Wall Street Rolling Daily,10465.0,10468.0
02/12/09,0123,Wall Street Rolling Daily,10465.0,10468.0
02/12/09,0124,Wall Street Rolling Daily,10466.0,10469.0
02/12/09,0125,Wall Street Rolling Daily,10466.0,10469.0
02/12/09,0126,Wall Street Rolling Daily,10465.0,10468.0
02/12/09,0127,Wall Street Rolling Daily,10465.0,10468.0
02/12/09,0128,Wall Street Rolling Daily,10465.0,10468.0
02/12/09,0129,Wall Street Rolling Daily,10465.0,10468.0
02/12/09,0130,Wall Street Rolling Daily,10466.0,10469.0
02/12/09,0131,Wall Street Rolling Daily,10465.0,10468.0
02/12/09,0132,Wall Street Rolling Daily,10465.0,10468.0
02/12/09,0133,Wall Street Rolling Daily,10460.0,10463.0
02/12/09,0134,Wall Street Rolling Daily,10460.0,10463.0
02/12/09,0135,Wall Street Rolling Daily,10459.0,10462.0
02/12/09,0136,Wall Street Rolling Daily,10459.0,10462.0
02/12/09,0137,Wall Street Rolling Daily,10460.0,10463.0
02/12/09,0138,Wall Street Rolling Daily,10461.0,10464.0
02/12/09,0139,Wall Street Rolling Daily,10461.0,10464.0
02/12/09,0140,Wall Street Rolling Daily,10463.0,10466.0
02/12/09,0141,Wall Street Rolling Daily,10460.0,10463.0
02/12/09,0142,Wall Street Rolling Daily,10461.0,10464.0
02/12/09,0143,Wall Street Rolling Daily,10461.0,10464.0
02/12/09,0144,Wall Street Rolling Daily,10463.0,10466.0
02/12/09,0145,Wall Street Rolling Daily,10463.0,10466.0
02/12/09,0146,Wall Street Rolling Daily,10463.0,10466.0
02/12/09,0147,Wall Street Rolling Daily,10463.0,10466.0
02/12/09,0148,Wall Street Rolling Daily,10461.0,10464.0
02/12/09,0149,Wall Street Rolling Daily,10461.0,10464.0
02/12/09,0150,Wall Street Rolling Daily,10461.0,10464.0
02/12/09,0151,Wall Street Rolling Daily,10462.0,10465.0
02/12/09,0152,Wall Street Rolling Daily,10461.0,10464.0
02/12/09,0153,Wall Street Rolling Daily,10461.0,10464.0
02/12/09,0154,Wall Street Rolling Daily,10461.0,10464.0
02/12/09,0155,Wall Street Rolling Daily,10460.0,10463.0
02/12/09,0156,Wall Street Rolling Daily,10459.0,10462.0
02/12/09,0157,Wall Street Rolling Daily,10460.0,10463.0
02/12/09,0158,Wall Street Rolling Daily,10460.0,10463.0
02/12/09,0159,Wall Street Rolling Daily,10460.0,10463.0
02/12/09,0200,Wall Street Rolling Daily,10461.0,10464.0
02/12/09,0201,Wall Street Rolling Daily,10462.0,10465.0
02/12/09,0202,Wall Street Rolling Daily,10461.0,10464.0
02/12/09,0203,Wall Street Rolling Daily,10462.0,10465.0
02/12/09,0204,Wall Street Rolling Daily,10462.0,10465.0
02/12/09,0205,Wall Street Rolling Daily,10462.0,10465.0
02/12/09,0206,Wall Street Rolling Daily,10462.0,10465.0
02/12/09,0207,Wall Street Rolling Daily,10463.0,10466.0
02/12/09,0208,Wall Street Rolling Daily,10463.0,10466.0
02/12/09,0209,Wall Street Rolling Daily,10464.0,10467.0
02/12/09,0210,Wall Street Rolling Daily,10464.0,10467.0
02/12/09,0211,Wall Street Rolling Daily,10465.0,10468.0
02/12/09,0212,Wall Street Rolling Daily,10465.0,10468.0
02/12/09,0213,Wall Street Rolling Daily,10465.0,10468.0
02/12/09,0214,Wall Street Rolling Daily,10464.0,10467.0
02/12/09,0215,Wall Street Rolling Daily,10462.0,10465.0
02/12/09,0216,Wall Street Rolling Daily,10462.0,10465.0
02/12/09,0217,Wall Street Rolling Daily,10462.0,10465.0
02/12/09,0218,Wall Street Rolling Daily,10462.0,10465.0
02/12/09,0219,Wall Street Rolling Daily,10463.0,10466.0
02/12/09,0220,Wall Street Rolling Daily,10463.0,10466.0
02/12/09,0221,Wall Street Rolling Daily,10463.0,10466.0
02/12/09,0222,Wall Street Rolling Daily,10464.0,10467.0
02/12/09,0223,Wall Street Rolling Daily,10465.0,10468.0
02/12/09,0224,Wall Street Rolling Daily,10464.0,10467.0
02/12/09,0225,Wall Street Rolling Daily,10466.0,10469.0
02/12/09,0226,Wall Street Rolling Daily,10468.0,10471.0
02/12/09,0227,Wall Street Rolling Daily,10468.0,10471.0
02/12/09,0228,Wall Street Rolling Daily,10468.0,10471.0
02/12/09,0229,Wall Street Rolling Daily,10468.0,10471.0
02/12/09,0230,Wall Street Rolling Daily,10468.0,10471.0
02/12/09,0231,Wall Street Rolling Daily,10467.0,10470.0
02/12/09,0232,Wall Street Rolling Daily,10466.0,10469.0
02/12/09,0233,Wall Street Rolling Daily,10466.0,10469.0
02/12/09,0234,Wall Street Rolling Daily,10466.0,10469.0
02/12/09,0235,Wall Street Rolling Daily,10468.0,10471.0
02/12/09,0236,Wall Street Rolling Daily,10467.0,10470.0
02/12/09,0237,Wall Street Rolling Daily,10467.0,10470.0
02/12/09,0238,Wall Street Rolling Daily,10467.0,10470.0
02/12/09,0239,Wall Street Rolling Daily,10468.0,10471.0
02/12/09,0240,Wall Street Rolling Daily,10468.0,10471.0
02/12/09,0241,Wall Street Rolling Daily,10467.0,10470.0
02/12/09,0242,Wall Street Rolling Daily,10468.0,10471.0
02/12/09,0243,Wall Street Rolling Daily,10468.0,10471.0
02/12/09,0244,Wall Street Rolling Daily,10468.0,10471.0
02/12/09,0245,Wall Street Rolling Daily,10468.0,10471.0
02/12/09,0246,Wall Street Rolling Daily,10468.0,10471.0
02/12/09,0247,Wall Street Rolling Daily,10468.0,10471.0
02/12/09,0248,Wall Street Rolling Daily,10468.0,10471.0
02/12/09,0249,Wall Street Rolling Daily,10468.0,10471.0
02/12/09,0250,Wall Street Rolling Daily,10468.0,10471.0
02/12/09,0251,Wall Street Rolling Daily,10468.0,10471.0
02/12/09,0252,Wall Street Rolling Daily,10465.0,10468.0
02/12/09,0253,Wall Street Rolling Daily,10465.0,10468.0
02/12/09,0254,Wall Street Rolling Daily,10465.0,10468.0
02/12/09,0255,Wall Street Rolling Daily,10465.0,10468.0
02/12/09,0256,Wall Street Rolling Daily,10465.0,10468.0
02/12/09,0257,Wall Street Rolling Daily,10465.0,10468.0
02/12/09,0258,Wall Street Rolling Daily,10465.0,10468.0
02/12/09,0259,Wall Street Rolling Daily,10465.0,10468.0
02/12/09,0300,Wall Street Rolling Daily,10465.0,10468.0
02/12/09,0301,Wall Street Rolling Daily,10465.0,10468.0
02/12/09,0302,Wall Street Rolling Daily,10467.0,10470.0
02/12/09,0303,Wall Street Rolling Daily,10467.0,10470.0
02/12/09,0304,Wall Street Rolling Daily,10467.0,10470.0
02/12/09,0305,Wall Street Rolling Daily,10467.0,10470.0
02/12/09,0306,Wall Street Rolling Daily,10467.0,10470.0
02/12/09,0307,Wall Street Rolling Daily,10467.0,10470.0
02/12/09,0308,Wall Street Rolling Daily,10467.0,10470.0
02/12/09,0309,Wall Street Rolling Daily,10467.0,10470.0
02/12/09,0310,Wall Street Rolling Daily,10466.0,10469.0
02/12/09,0311,Wall Street Rolling Daily,10467.0,10470.0
02/12/09,0312,Wall Street Rolling Daily,10467.0,10470.0
02/12/09,0313,Wall Street Rolling Daily,10467.0,10470.0
02/12/09,0314,Wall Street Rolling Daily,10467.0,10470.0
02/12/09,0315,Wall Street Rolling Daily,10467.0,10470.0
02/12/09,0316,Wall Street Rolling Daily,10468.0,10471.0
02/12/09,0317,Wall Street Rolling Daily,10470.0,10473.0
02/12/09,0318,Wall Street Rolling Daily,10470.0,10473.0
02/12/09,0319,Wall Street Rolling Daily,10469.0,10472.0
02/12/09,0320,Wall Street Rolling Daily,10469.0,10472.0
02/12/09,0321,Wall Street Rolling Daily,10469.0,10472.0
02/12/09,0322,WallStreetRollingDaily,10470.0,10473.0
02/12/09,0323,WallStreetRollingDaily,10470.0,10473.0
02/12/09,0324,WallStreetRollingDaily,10470.0,10473.0
02/12/09,0325,Wall Street Rolling Daily,10469.0,10472.0
02/12/09,0326,WallStreetRollingDaily,10469.0,10472.0
02/12/09,0327,WallStreetRollingDaily,10470.0,10473.0
02/12/09,0328,WallStreetRollingDaily,10470.0,10473.0
02/12/09,0329,WallStreetRollingDaily,10470.0,10473.0
02/12/09,0330,WallStreetRollingDaily,10470.0,10473.0
02/12/09,0331,WallStreetRollingDaily,10471.0,10474.0
02/12/09,0332,WallStreetRollingDaily,10471.0,10474.0
02/12/09,0333,Wall Street Rolling Daily,10468.0,10471.0
02/12/09,0334,Wall Street Rolling Daily,10468.0,10471.0
02/12/09,0335,Wall Street Rolling Daily,10468.0,10471.0
02/12/09,0336,Wall Street Rolling Daily,10466.0,10469.0
02/12/09,0337,Wall Street Rolling Daily,10468.0,10471.0
02/12/09,0338,Wall Street Rolling Daily,10468.0,10471.0
02/12/09,0339,Wall Street Rolling Daily,10467.0,10470.0
02/12/09,0340,Wall Street Rolling Daily,10467.0,10470.0
02/12/09,0341,Wall Street Rolling Daily,10467.0,10470.0
02/12/09,0342,Wall Street Rolling Daily,10466.0,10469.0
02/12/09,0343,Wall Street Rolling Daily,10466.0,10469.0
02/12/09,0344,Wall Street Rolling Daily,10466.0,10469.0
02/12/09,0345,Wall Street Rolling Daily,10469.0,10472.0
02/12/09,0346,Wall Street Rolling Daily,10470.0,10473.0
02/12/09,0347,Wall Street Rolling Daily,10467.0,10470.0
02/12/09,0348,Wall Street Rolling Daily,10467.0,10470.0
02/12/09,0349,Wall Street Rolling Daily,10467.0,10470.0
02/12/09,0350,Wall Street Rolling Daily,10468.0,10471.0
02/12/09,0351,WallStreetRollingDaily,10470.0,10473.0
02/12/09,0352,WallStreetRollingDaily,10470.0,10473.0
02/12/09,0353,WallStreetRollingDaily,10470.0,10473.0
02/12/09,0354,Wall Street Rolling Daily,10470.0,10473.0
02/12/09,0355,Wall Street Rolling Daily,10470.0,10473.0
02/12/09,0356,Wall Street Rolling Daily,10470.0,10473.0
02/12/09,0357,Wall Street Rolling Daily,10470.0,10473.0
02/12/09,0358,Wall Street Rolling Daily,10470.0,10473.0
02/12/09,0359,Wall Street Rolling Daily,10469.0,10472.0
02/12/09,0400,Wall Street Rolling Daily,10469.0,10472.0
02/12/09,0401,Wall Street Rolling Daily,10469.0,10472.0
02/12/09,0402,Wall Street Rolling Daily,10469.0,10472.0
02/12/09,0403,Wall Street Rolling Daily,10468.0,10471.0
02/12/09,0404,Wall Street Rolling Daily,10468.0,10471.0
02/12/09,0405,Wall Street Rolling Daily,10468.0,10471.0
02/12/09,0406,Wall Street Rolling Daily,10469.0,10472.0
02/12/09,0407,Wall Street Rolling Daily,10469.0,10472.0
02/12/09,0408,Wall Street Rolling Daily,10469.0,10472.0
02/12/09,0409,Wall Street Rolling Daily,10469.0,10472.0
02/12/09,0410,WallStreetRollingDaily,10471.0,10474.0
02/12/09,0411,WallStreetRollingDaily,10472.0,10475.0
02/12/09,0412,WallStreetRollingDaily,10472.0,10475.0
02/12/09,0413,WallStreetRollingDaily,10472.0,10475.0
02/12/09,0414,WallStreetRollingDaily,10472.0,10475.0
02/12/09,0415,WallStreetRollingDaily,10472.0,10475.0
02/12/09,0416,WallStreetRollingDaily,10472.0,10475.0
02/12/09,0417,Wall Street Rolling Daily,10469.0,10472.0
02/12/09,0418,Wall Street Rolling Daily,10469.0,10472.0
02/12/09,0419,Wall Street Rolling Daily,10469.0,10472.0
02/12/09,0420,Wall Street Rolling Daily,10469.0,10472.0
02/12/09,0421,Wall Street Rolling Daily,10469.0,10472.0
02/12/09,0422,WallStreetRollingDaily,10469.0,10472.0
02/12/09,0423,WallStreetRollingDaily,10469.0,10472.0
02/12/09,0424,WallStreetRollingDaily,10469.0,10472.0
02/12/09,0425,WallStreetRollingDaily,10469.0,10472.0
02/12/09,0426,WallStreetRollingDaily,10469.0,10472.0
02/12/09,0427,WallStreetRollingDaily,10469.0,10472.0
02/12/09,0428,WallStreetRollingDaily,10469.0,10472.0
02/12/09,0429,WallStreetRollingDaily,10469.0,10472.0
02/12/09,0430,Wall Street Rolling Daily,10467.0,10470.0
02/12/09,0431,Wall Street Rolling Daily,10468.0,10471.0
02/12/09,0432,Wall Street Rolling Daily,10468.0,10471.0
02/12/09,0433,Wall Street Rolling Daily,10468.0,10471.0
02/12/09,0434,Wall Street Rolling Daily,10468.0,10471.0
02/12/09,0435,Wall Street Rolling Daily,10468.0,10471.0
02/12/09,0436,Wall Street Rolling Daily,10468.0,10471.0
02/12/09,0437,Wall Street Rolling Daily,10468.0,10471.0
02/12/09,0438,Wall Street Rolling Daily,10468.0,10471.0
02/12/09,0439,Wall Street Rolling Daily,10468.0,10471.0
02/12/09,0440,Wall Street Rolling Daily,10468.0,10471.0
02/12/09,0441,Wall Street Rolling Daily,10468.0,10471.0
02/12/09,0442,Wall Street Rolling Daily,10468.0,10471.0
02/12/09,0443,Wall Street Rolling Daily,10467.0,10470.0
02/12/09,0444,Wall Street Rolling Daily,10467.0,10470.0
02/12/09,0445,Wall Street Rolling Daily,10467.0,10470.0
02/12/09,0446,Wall Street Rolling Daily,10467.0,10470.0
02/12/09,0447,Wall Street Rolling Daily,10467.0,10470.0
02/12/09,0448,Wall Street Rolling Daily,10467.0,10470.0
02/12/09,0449,Wall Street Rolling Daily,10467.0,10470.0
02/12/09,0450,Wall Street Rolling Daily,10467.0,10470.0
02/12/09,0451,Wall Street Rolling Daily,10467.0,10470.0
02/12/09,0452,Wall Street Rolling Daily,10467.0,10470.0
02/12/09,0453,Wall Street Rolling Daily,10467.0,10470.0
02/12/09,0454,Wall Street Rolling Daily,10467.0,10470.0
02/12/09,0455,Wall Street Rolling Daily,10467.0,10470.0
02/12/09,0456,Wall Street Rolling Daily,10467.0,10470.0
02/12/09,0457,Wall Street Rolling Daily,10467.0,10470.0
02/12/09,0458,Wall Street Rolling Daily,10467.0,10470.0
02/12/09,0459,Wall Street Rolling Daily,10468.0,10471.0
02/12/09,0500,Wall Street Rolling Daily,10468.0,10471.0
02/12/09,0501,Wall Street Rolling Daily,10469.0,10472.0
02/12/09,0502,WallStreetRollingDaily,10470.0,10473.0
02/12/09,0503,WallStreetRollingDaily,10472.0,10475.0
02/12/09,0504,WallStreetRollingDaily,10472.0,10475.0
02/12/09,0505,WallStreetRollingDaily,10471.0,10474.0
02/12/09,0506,WallStreetRollingDaily,10471.0,10474.0
02/12/09,0507,WallStreetRollingDaily,10470.0,10473.0
02/12/09,0508,WallStreetRollingDaily,10470.0,10473.0
02/12/09,0509,WallStreetRollingDaily,10470.0,10473.0
02/12/09,0510,WallStreetRollingDaily,10470.0,10473.0
02/12/09,0511,Wall Street Rolling Daily,10468.0,10471.0
02/12/09,0512,Wall Street Rolling Daily,10468.0,10471.0
02/12/09,0513,Wall Street Rolling Daily,10467.0,10470.0
02/12/09,0514,Wall Street Rolling Daily,10467.0,10470.0
02/12/09,0515,Wall Street Rolling Daily,10467.0,10470.0
02/12/09,0516,Wall Street Rolling Daily,10468.0,10471.0
02/12/09,0517,Wall Street Rolling Daily,10468.0,10471.0
02/12/09,0518,Wall Street Rolling Daily,10469.0,10472.0
02/12/09,0519,Wall Street Rolling Daily,10468.0,10471.0
02/12/09,0520,Wall Street Rolling Daily,10467.0,10470.0
02/12/09,0521,Wall Street Rolling Daily,10469.0,10472.0
02/12/09,0522,Wall Street Rolling Daily,10469.0,10472.0
02/12/09,0523,WallStreetRollingDaily,10470.0,10473.0
02/12/09,0524,WallStreetRollingDaily,10470.0,10473.0
02/12/09,0525,WallStreetRollingDaily,10470.0,10473.0
02/12/09,0526,WallStreetRollingDaily,10470.0,10473.0
02/12/09,0527,WallStreetRollingDaily,10470.0,10473.0
02/12/09,0528,WallStreetRollingDaily,10472.0,10475.0
02/12/09,0529,WallStreetRollingDaily,10471.0,10474.0
02/12/09,0530,WallStreetRollingDaily,10471.0,10474.0
02/12/09,0531,WallStreetRollingDaily,10471.0,10474.0
02/12/09,0532,WallStreetRollingDaily,10472.0,10475.0
02/12/09,0533,WallStreetRollingDaily,10472.0,10475.0
02/12/09,0534,WallStreetRollingDaily,10472.0,10475.0
02/12/09,0535,WallStreetRollingDaily,10471.0,10474.0
02/12/09,0536,WallStreetRollingDaily,10471.0,10474.0
02/12/09,0537,WallStreetRollingDaily,10472.0,10475.0
02/12/09,0538,WallStreetRollingDaily,10472.0,10475.0
02/12/09,0539,WallStreetRollingDaily,10471.0,10474.0
02/12/09,0540,WallStreetRollingDaily,10471.0,10474.0
02/12/09,0541,WallStreetRollingDaily,10471.0,10474.0
02/12/09,0542,WallStreetRollingDaily,10471.0,10474.0
02/12/09,0543,WallStreetRollingDaily,10471.0,10474.0
02/12/09,0544,WallStreetRollingDaily,10470.0,10473.0
02/12/09,0545,WallStreetRollingDaily,10469.0,10472.0
02/12/09,0546,WallStreetRollingDaily,10469.0,10472.0
02/12/09,0547,WallStreetRollingDaily,10470.0,10473.0
02/12/09,0548,WallStreetRollingDaily,10470.0,10473.0
02/12/09,0549,WallStreetRollingDaily,10470.0,10473.0
02/12/09,0550,WallStreetRollingDaily,10470.0,10473.0
02/12/09,0551,WallStreetRollingDaily,10470.0,10473.0
02/12/09,0552,WallStreetRollingDaily,10470.0,10473.0
02/12/09,0553,WallStreetRollingDaily,10470.0,10473.0
02/12/09,0554,WallStreetRollingDaily,10472.0,10475.0
02/12/09,0555,WallStreetRollingDaily,10472.0,10475.0
02/12/09,0556,WallStreetRollingDaily,10472.0,10475.0
02/12/09,0557,WallStreetRollingDaily,10472.0,10475.0
02/12/09,0558,WallStreetRollingDaily,10472.0,10475.0
02/12/09,0559,WallStreetRollingDaily,10472.0,10475.0
02/12/09,0600,WallStreetRollingDaily,10473.0,10476.0
02/12/09,0601,WallStreetRollingDaily,10473.0,10476.0
02/12/09,0602,WallStreetRollingDaily,10474.0,10477.0
02/12/09,0603,WallStreetRollingDaily,10474.0,10477.0
02/12/09,0604,WallStreetRollingDaily,10474.0,10477.0
02/12/09,0605,WallStreetRollingDaily,10472.0,10475.0
02/12/09,0606,WallStreetRollingDaily,10472.0,10475.0
02/12/09,0607,WallStreetRollingDaily,10474.0,10477.0
02/12/09,0608,WallStreetRollingDaily,10474.0,10477.0
02/12/09,0609,WallStreetRollingDaily,10474.0,10477.0
02/12/09,0610,WallStreetRollingDaily,10474.0,10477.0
02/12/09,0611,WallStreetRollingDaily,10474.0,10477.0
02/12/09,0612,WallStreetRollingDaily,10473.0,10476.0
02/12/09,0613,WallStreetRollingDaily,10473.0,10476.0
02/12/09,0614,WallStreetRollingDaily,10473.0,10476.0
02/12/09,0615,WallStreetRollingDaily,10473.0,10476.0
02/12/09,0616,WallStreetRollingDaily,10473.0,10476.0
02/12/09,0617,WallStreetRollingDaily,10472.0,10475.0
02/12/09,0618,WallStreetRollingDaily,10471.0,10474.0
02/12/09,0619,WallStreetRollingDaily,10471.0,10474.0
02/12/09,0620,WallStreetRollingDaily,10471.0,10474.0
02/12/09,0621,WallStreetRollingDaily,10471.0,10474.0
02/12/09,0622,WallStreetRollingDaily,10471.0,10474.0
02/12/09,0623,WallStreetRollingDaily,10472.0,10475.0
02/12/09,0624,WallStreetRollingDaily,10472.0,10475.0
02/12/09,0625,WallStreetRollingDaily,10471.0,10474.0
02/12/09,0626,WallStreetRollingDaily,10471.0,10474.0
02/12/09,0627,WallStreetRollingDaily,10472.0,10475.0
02/12/09,0628,WallStreetRollingDaily,10472.0,10475.0
02/12/09,0629,WallStreetRollingDaily,10471.0,10474.0
02/12/09,0630,WallStreetRollingDaily,10471.0,10474.0
02/12/09,0631,WallStreetRollingDaily,10472.0,10475.0
02/12/09,0632,WallStreetRollingDaily,10472.0,10475.0
02/12/09,0633,WallStreetRollingDaily,10472.0,10475.0
02/12/09,0634,WallStreetRollingDaily,10472.0,10475.0
02/12/09,0635,WallStreetRollingDaily,10472.0,10475.0
02/12/09,0636,WallStreetRollingDaily,10472.0,10475.0
02/12/09,0637,WallStreetRollingDaily,10472.0,10475.0
02/12/09,0638,WallStreetRollingDaily,10472.0,10475.0
02/12/09,0639,WallStreetRollingDaily,10471.0,10474.0
02/12/09,0640,WallStreetRollingDaily,10471.0,10474.0
02/12/09,0641,WallStreetRollingDaily,10471.0,10474.0
02/12/09,0642,WallStreetRollingDaily,10471.0,10474.0
02/12/09,0643,WallStreetRollingDaily,10471.0,10474.0
02/12/09,0644,WallStreetRollingDaily,10471.0,10474.0
02/12/09,0645,WallStreetRollingDaily,10470.0,10473.0
02/12/09,0646,WallStreetRollingDaily,10472.0,10475.0
02/12/09,0647,WallStreetRollingDaily,10472.0,10475.0
02/12/09,0648,WallStreetRollingDaily,10472.0,10475.0
02/12/09,0649,WallStreetRollingDaily,10472.0,10475.0
02/12/09,0650,WallStreetRollingDaily,10472.0,10475.0
02/12/09,0651,WallStreetRollingDaily,10473.0,10476.0
02/12/09,0652,WallStreetRollingDaily,10473.0,10476.0
02/12/09,0953,WallStreetRollingDaily,10472.0,10475.0
02/12/09,0953,WallStreetRollingDaily,10472.0,10475.0
02/12/09,0953,WallStreetRollingDaily,10472.0,10475.0
02/12/09,0953,WallStreetRollingDaily,10472.0,10475.0
02/12/09,0953,WallStreetRollingDaily,10472.0,10475.0
02/12/09,0953,WallStreetRollingDaily,10472.0,10475.0
